County,Site #,Latitude,Longitude,Acres,NDVI Change,Size Category,Google Maps URL
Williamson County TN,1,35.927342,-87.044496,40.92,-0.67,Large (10+ ac),"https://www.google.com/maps?q=35.927342,-87.044496"
Williamson County TN,2,35.884388,-86.926901,34.25,-0.596,Large (10+ ac),"https://www.google.com/maps?q=35.884388,-86.926901"
Williamson County TN,3,35.949755,-87.015734,33.48,-0.456,Large (10+ ac),"https://www.google.com/maps?q=35.949755,-87.015734"
Williamson County TN,4,36.004144,-86.812037,28.86,-0.679,Large (10+ ac),"https://www.google.com/maps?q=36.004144,-86.812037"
Williamson County TN,5,35.873979,-86.792016,23.85,-0.635,Large (10+ ac),"https://www.google.com/maps?q=35.873979,-86.792016"
Williamson County TN,6,35.897974,-86.912447,23.23,-0.617,Large (10+ ac),"https://www.google.com/maps?q=35.897974,-86.912447"
Williamson County TN,7,35.96316,-86.842914,20.02,-0.655,Large (10+ ac),"https://www.google.com/maps?q=35.96316,-86.842914"
Williamson County TN,8,35.941071,-86.99364,17.25,-0.478,Large (10+ ac),"https://www.google.com/maps?q=35.941071,-86.99364"
Williamson County TN,9,35.909306,-86.8795,16.53,-0.583,Large (10+ ac),"https://www.google.com/maps?q=35.909306,-86.8795"
Williamson County TN,10,36.03018,-87.066447,15.05,-0.564,Large (10+ ac),"https://www.google.com/maps?q=36.03018,-87.066447"
Williamson County TN,11,35.859725,-86.940361,15.02,-0.491,Large (10+ ac),"https://www.google.com/maps?q=35.859725,-86.940361"
Williamson County TN,12,35.944348,-86.767058,14.8,-0.606,Large (10+ ac),"https://www.google.com/maps?q=35.944348,-86.767058"
Williamson County TN,13,36.018844,-86.760252,11.79,-0.656,Large (10+ ac),"https://www.google.com/maps?q=36.018844,-86.760252"
Williamson County TN,14,35.936171,-86.93683,10.63,-0.559,Large (10+ ac),"https://www.google.com/maps?q=35.936171,-86.93683"
Williamson County TN,15,35.943241,-86.771673,9.54,-0.613,Medium (5-10 ac),"https://www.google.com/maps?q=35.943241,-86.771673"
Williamson County TN,16,35.935715,-86.87553,9.29,-0.612,Medium (5-10 ac),"https://www.google.com/maps?q=35.935715,-86.87553"
Williamson County TN,17,35.892689,-86.926949,7.34,-0.506,Medium (5-10 ac),"https://www.google.com/maps?q=35.892689,-86.926949"
Williamson County TN,18,35.9348,-86.891821,6.33,-0.543,Medium (5-10 ac),"https://www.google.com/maps?q=35.9348,-86.891821"
Williamson County TN,19,35.963489,-86.834715,4.35,-0.552,Small (2-5 ac),"https://www.google.com/maps?q=35.963489,-86.834715"
Williamson County TN,20,35.933856,-87.034763,4.32,-0.462,Small (2-5 ac),"https://www.google.com/maps?q=35.933856,-87.034763"
Williamson County TN,21,35.955435,-86.839247,4.13,-0.588,Small (2-5 ac),"https://www.google.com/maps?q=35.955435,-86.839247"
Williamson County TN,22,35.913025,-87.070209,3.78,-0.63,Small (2-5 ac),"https://www.google.com/maps?q=35.913025,-87.070209"
Williamson County TN,23,35.974803,-86.753821,3.73,-0.534,Small (2-5 ac),"https://www.google.com/maps?q=35.974803,-86.753821"
Williamson County TN,24,36.03915,-86.822286,3.68,-0.381,Small (2-5 ac),"https://www.google.com/maps?q=36.03915,-86.822286"
Williamson County TN,25,35.974534,-86.753132,3.66,-0.481,Small (2-5 ac),"https://www.google.com/maps?q=35.974534,-86.753132"
Williamson County TN,26,36.011859,-86.912398,3.63,-0.397,Small (2-5 ac),"https://www.google.com/maps?q=36.011859,-86.912398"
Williamson County TN,27,35.866261,-86.805788,3.06,-0.549,Small (2-5 ac),"https://www.google.com/maps?q=35.866261,-86.805788"
Williamson County TN,28,35.901894,-86.88029,2.77,-0.605,Small (2-5 ac),"https://www.google.com/maps?q=35.901894,-86.88029"
Williamson County TN,29,35.944122,-86.9783,2.72,-0.428,Small (2-5 ac),"https://www.google.com/maps?q=35.944122,-86.9783"
Williamson County TN,30,35.87754,-87.083982,2.67,-0.459,Small (2-5 ac),"https://www.google.com/maps?q=35.87754,-87.083982"
Williamson County TN,31,35.962453,-86.837939,2.47,-0.459,Small (2-5 ac),"https://www.google.com/maps?q=35.962453,-86.837939"
Williamson County TN,32,35.902116,-86.979269,2.45,-0.427,Small (2-5 ac),"https://www.google.com/maps?q=35.902116,-86.979269"
Williamson County TN,33,35.874734,-87.050176,2.42,-0.444,Small (2-5 ac),"https://www.google.com/maps?q=35.874734,-87.050176"
Williamson County TN,34,35.915048,-86.870152,2.35,-0.401,Small (2-5 ac),"https://www.google.com/maps?q=35.915048,-86.870152"
Williamson County TN,35,35.948444,-87.004712,2.15,-0.439,Small (2-5 ac),"https://www.google.com/maps?q=35.948444,-87.004712"
Williamson County TN,36,35.956776,-87.0382,2.1,-0.368,Small (2-5 ac),"https://www.google.com/maps?q=35.956776,-87.0382"
Williamson County TN,37,35.865772,-86.803526,2.08,-0.509,Small (2-5 ac),"https://www.google.com/maps?q=35.865772,-86.803526"
Williamson County TN,38,35.941021,-87.059574,2.05,-0.592,Small (2-5 ac),"https://www.google.com/maps?q=35.941021,-87.059574"
Williamson County TN,39,36.034773,-86.752476,2.0,-0.389,Small (2-5 ac),"https://www.google.com/maps?q=36.034773,-86.752476"
Williamson County TN,40,35.874449,-86.777231,2.0,-0.558,Small (2-5 ac),"https://www.google.com/maps?q=35.874449,-86.777231"
Maricopa AZ SE Valley,1,33.19343,-111.567859,74.77,-0.678,Large (10+ ac),"https://www.google.com/maps?q=33.19343,-111.567859"
Maricopa AZ SE Valley,2,33.184778,-111.551882,58.51,-0.523,Large (10+ ac),"https://www.google.com/maps?q=33.184778,-111.551882"
Maricopa AZ SE Valley,3,33.184451,-111.55542,54.66,-0.524,Large (10+ ac),"https://www.google.com/maps?q=33.184451,-111.55542"
Maricopa AZ SE Valley,4,33.193338,-111.560586,50.16,-0.65,Large (10+ ac),"https://www.google.com/maps?q=33.193338,-111.560586"
Maricopa AZ SE Valley,5,33.208077,-111.886332,48.51,-0.555,Large (10+ ac),"https://www.google.com/maps?q=33.208077,-111.886332"
Maricopa AZ SE Valley,6,33.190156,-111.566682,46.28,-0.673,Large (10+ ac),"https://www.google.com/maps?q=33.190156,-111.566682"
Maricopa AZ SE Valley,7,33.208222,-111.89045,46.21,-0.536,Large (10+ ac),"https://www.google.com/maps?q=33.208222,-111.89045"
Maricopa AZ SE Valley,8,33.189985,-111.560934,39.24,-0.642,Large (10+ ac),"https://www.google.com/maps?q=33.189985,-111.560934"
Maricopa AZ SE Valley,9,33.197646,-111.804232,35.11,-0.603,Large (10+ ac),"https://www.google.com/maps?q=33.197646,-111.804232"
Maricopa AZ SE Valley,10,33.299371,-111.735141,31.6,-0.415,Large (10+ ac),"https://www.google.com/maps?q=33.299371,-111.735141"
Maricopa AZ SE Valley,11,33.321831,-111.692877,24.04,-0.511,Large (10+ ac),"https://www.google.com/maps?q=33.321831,-111.692877"
Maricopa AZ SE Valley,12,33.208111,-111.882229,15.44,-0.498,Large (10+ ac),"https://www.google.com/maps?q=33.208111,-111.882229"
Maricopa AZ SE Valley,13,33.186094,-111.54942,15.2,-0.491,Large (10+ ac),"https://www.google.com/maps?q=33.186094,-111.54942"
Maricopa AZ SE Valley,14,33.171873,-111.843532,13.99,-0.66,Large (10+ ac),"https://www.google.com/maps?q=33.171873,-111.843532"
Maricopa AZ SE Valley,15,33.211973,-111.890611,12.82,-0.487,Large (10+ ac),"https://www.google.com/maps?q=33.211973,-111.890611"
Maricopa AZ SE Valley,16,33.169352,-111.847869,12.63,-0.643,Large (10+ ac),"https://www.google.com/maps?q=33.169352,-111.847869"
Maricopa AZ SE Valley,17,33.329915,-111.690562,12.48,-0.465,Large (10+ ac),"https://www.google.com/maps?q=33.329915,-111.690562"
Maricopa AZ SE Valley,18,33.170989,-111.847536,11.27,-0.59,Large (10+ ac),"https://www.google.com/maps?q=33.170989,-111.847536"
Maricopa AZ SE Valley,19,33.226184,-111.894536,10.75,-0.594,Large (10+ ac),"https://www.google.com/maps?q=33.226184,-111.894536"
Maricopa AZ SE Valley,20,33.236097,-111.616345,10.3,-0.785,Large (10+ ac),"https://www.google.com/maps?q=33.236097,-111.616345"
Maricopa AZ SE Valley,21,33.259505,-111.687686,9.98,-0.427,Medium (5-10 ac),"https://www.google.com/maps?q=33.259505,-111.687686"
Maricopa AZ SE Valley,22,33.256458,-111.68398,8.85,-0.529,Medium (5-10 ac),"https://www.google.com/maps?q=33.256458,-111.68398"
Maricopa AZ SE Valley,23,33.324349,-111.748359,8.33,-0.348,Medium (5-10 ac),"https://www.google.com/maps?q=33.324349,-111.748359"
Maricopa AZ SE Valley,24,33.408149,-111.896713,8.3,-0.426,Medium (5-10 ac),"https://www.google.com/maps?q=33.408149,-111.896713"
Maricopa AZ SE Valley,25,33.207161,-111.869557,8.15,-0.327,Medium (5-10 ac),"https://www.google.com/maps?q=33.207161,-111.869557"
Maricopa AZ SE Valley,26,33.215831,-111.555114,7.83,-0.37,Medium (5-10 ac),"https://www.google.com/maps?q=33.215831,-111.555114"
Maricopa AZ SE Valley,27,33.254241,-111.684974,7.76,-0.597,Medium (5-10 ac),"https://www.google.com/maps?q=33.254241,-111.684974"
Maricopa AZ SE Valley,28,33.326898,-111.689036,7.71,-0.477,Medium (5-10 ac),"https://www.google.com/maps?q=33.326898,-111.689036"
Maricopa AZ SE Valley,29,33.197819,-111.797131,6.47,-0.63,Medium (5-10 ac),"https://www.google.com/maps?q=33.197819,-111.797131"
Maricopa AZ SE Valley,30,33.239591,-111.585213,6.28,-0.453,Medium (5-10 ac),"https://www.google.com/maps?q=33.239591,-111.585213"
Maricopa AZ SE Valley,31,33.265464,-111.719218,6.08,-0.393,Medium (5-10 ac),"https://www.google.com/maps?q=33.265464,-111.719218"
Maricopa AZ SE Valley,32,33.294184,-111.622229,5.56,-0.398,Medium (5-10 ac),"https://www.google.com/maps?q=33.294184,-111.622229"
Maricopa AZ SE Valley,33,33.285256,-111.83849,5.14,-0.692,Medium (5-10 ac),"https://www.google.com/maps?q=33.285256,-111.83849"
Maricopa AZ SE Valley,34,33.266001,-111.778958,4.77,-0.367,Small (2-5 ac),"https://www.google.com/maps?q=33.266001,-111.778958"
Maricopa AZ SE Valley,35,33.295003,-111.623779,4.13,-0.4,Small (2-5 ac),"https://www.google.com/maps?q=33.295003,-111.623779"
Maricopa AZ SE Valley,36,33.31982,-111.702727,3.9,-0.442,Small (2-5 ac),"https://www.google.com/maps?q=33.31982,-111.702727"
Maricopa AZ SE Valley,37,33.26687,-111.778585,3.19,-0.427,Small (2-5 ac),"https://www.google.com/maps?q=33.26687,-111.778585"
Maricopa AZ SE Valley,38,33.234251,-111.90027,2.84,-0.548,Small (2-5 ac),"https://www.google.com/maps?q=33.234251,-111.90027"
Maricopa AZ SE Valley,39,33.239446,-111.587761,2.67,-0.48,Small (2-5 ac),"https://www.google.com/maps?q=33.239446,-111.587761"
Maricopa AZ SE Valley,40,33.184021,-111.558482,2.67,-0.588,Small (2-5 ac),"https://www.google.com/maps?q=33.184021,-111.558482"
Maricopa AZ SE Valley,41,33.366942,-111.801813,2.62,-0.444,Small (2-5 ac),"https://www.google.com/maps?q=33.366942,-111.801813"
Maricopa AZ SE Valley,42,33.314347,-111.707721,2.57,-0.462,Small (2-5 ac),"https://www.google.com/maps?q=33.314347,-111.707721"
Maricopa AZ SE Valley,43,33.277142,-111.834045,2.5,-0.39,Small (2-5 ac),"https://www.google.com/maps?q=33.277142,-111.834045"
Maricopa AZ SE Valley,44,33.209311,-111.869175,2.4,-0.369,Small (2-5 ac),"https://www.google.com/maps?q=33.209311,-111.869175"
Maricopa AZ SE Valley,45,33.239274,-111.770461,2.37,-0.498,Small (2-5 ac),"https://www.google.com/maps?q=33.239274,-111.770461"
Maricopa AZ SE Valley,46,33.272801,-111.629756,2.3,-0.468,Small (2-5 ac),"https://www.google.com/maps?q=33.272801,-111.629756"
Maricopa AZ SE Valley,47,33.401548,-111.578999,2.27,-0.319,Small (2-5 ac),"https://www.google.com/maps?q=33.401548,-111.578999"
Maricopa AZ SE Valley,48,33.25898,-111.684658,2.15,-0.43,Small (2-5 ac),"https://www.google.com/maps?q=33.25898,-111.684658"
Maricopa AZ SE Valley,49,33.292214,-111.623689,2.13,-0.407,Small (2-5 ac),"https://www.google.com/maps?q=33.292214,-111.623689"
Maricopa AZ West Valley,1,33.415648,-112.299074,14.95,-0.469,Large (10+ ac),"https://www.google.com/maps?q=33.415648,-112.299074"
Maricopa AZ West Valley,2,33.448012,-112.299298,12.73,-0.567,Large (10+ ac),"https://www.google.com/maps?q=33.448012,-112.299298"
Maricopa AZ West Valley,3,33.372097,-112.433029,11.17,-0.451,Large (10+ ac),"https://www.google.com/maps?q=33.372097,-112.433029"
Maricopa AZ West Valley,4,33.394258,-112.700937,10.85,-0.448,Large (10+ ac),"https://www.google.com/maps?q=33.394258,-112.700937"
Maricopa AZ West Valley,5,33.412749,-112.298641,7.26,-0.507,Medium (5-10 ac),"https://www.google.com/maps?q=33.412749,-112.298641"
Maricopa AZ West Valley,6,33.394213,-112.431061,6.99,-0.374,Medium (5-10 ac),"https://www.google.com/maps?q=33.394213,-112.431061"
Maricopa AZ West Valley,7,33.361399,-112.700451,5.96,-0.366,Medium (5-10 ac),"https://www.google.com/maps?q=33.361399,-112.700451"
Maricopa AZ West Valley,8,33.383551,-112.42023,5.24,-0.555,Medium (5-10 ac),"https://www.google.com/maps?q=33.383551,-112.42023"
Maricopa AZ West Valley,9,33.445475,-112.29926,5.19,-0.465,Medium (5-10 ac),"https://www.google.com/maps?q=33.445475,-112.29926"
Maricopa AZ West Valley,10,33.385772,-112.47698,5.19,-0.501,Medium (5-10 ac),"https://www.google.com/maps?q=33.385772,-112.47698"
Maricopa AZ West Valley,11,33.393365,-112.431415,4.72,-0.639,Small (2-5 ac),"https://www.google.com/maps?q=33.393365,-112.431415"
Maricopa AZ West Valley,12,33.385321,-112.394368,4.69,-0.492,Small (2-5 ac),"https://www.google.com/maps?q=33.385321,-112.394368"
Maricopa AZ West Valley,13,33.41257,-112.299727,4.55,-0.494,Small (2-5 ac),"https://www.google.com/maps?q=33.41257,-112.299727"
Maricopa AZ West Valley,14,33.409393,-112.49546,3.68,-0.538,Small (2-5 ac),"https://www.google.com/maps?q=33.409393,-112.49546"
Maricopa AZ West Valley,15,33.420025,-112.41685,3.61,-0.442,Small (2-5 ac),"https://www.google.com/maps?q=33.420025,-112.41685"
Maricopa AZ West Valley,16,33.399131,-112.442995,3.53,-0.694,Small (2-5 ac),"https://www.google.com/maps?q=33.399131,-112.442995"
Maricopa AZ West Valley,17,33.408418,-112.549376,3.51,-0.481,Small (2-5 ac),"https://www.google.com/maps?q=33.408418,-112.549376"
Maricopa AZ West Valley,18,33.41121,-112.483672,3.11,-0.443,Small (2-5 ac),"https://www.google.com/maps?q=33.41121,-112.483672"
Maricopa AZ West Valley,19,33.46535,-112.322858,2.82,-0.417,Small (2-5 ac),"https://www.google.com/maps?q=33.46535,-112.322858"
Maricopa AZ West Valley,20,33.374203,-112.459968,2.82,-0.312,Small (2-5 ac),"https://www.google.com/maps?q=33.374203,-112.459968"
Maricopa AZ West Valley,21,33.342803,-112.532641,2.4,-0.385,Small (2-5 ac),"https://www.google.com/maps?q=33.342803,-112.532641"
Maricopa AZ West Valley,22,33.527302,-112.433768,2.37,-0.568,Small (2-5 ac),"https://www.google.com/maps?q=33.527302,-112.433768"
Maricopa AZ West Valley,23,33.408938,-112.494504,2.25,-0.549,Small (2-5 ac),"https://www.google.com/maps?q=33.408938,-112.494504"
Maricopa AZ West Valley,24,33.38468,-112.453054,2.25,-0.327,Small (2-5 ac),"https://www.google.com/maps?q=33.38468,-112.453054"
Maricopa AZ West Valley,25,33.361903,-112.526878,2.1,-0.547,Small (2-5 ac),"https://www.google.com/maps?q=33.361903,-112.526878"
Maricopa AZ West Valley,26,33.411438,-112.612711,2.0,-0.351,Small (2-5 ac),"https://www.google.com/maps?q=33.411438,-112.612711"
Collin County TX,1,33.400592,-96.752121,27.77,-0.397,Large (10+ ac),"https://www.google.com/maps?q=33.400592,-96.752121"
Collin County TX,2,33.342619,-96.758716,13.39,-0.497,Large (10+ ac),"https://www.google.com/maps?q=33.342619,-96.758716"
Collin County TX,3,33.336568,-96.759535,10.6,-0.35,Large (10+ ac),"https://www.google.com/maps?q=33.336568,-96.759535"
Collin County TX,4,33.347474,-96.758998,6.08,-0.48,Medium (5-10 ac),"https://www.google.com/maps?q=33.347474,-96.758998"
Collin County TX,5,33.348769,-96.766801,5.86,-0.41,Medium (5-10 ac),"https://www.google.com/maps?q=33.348769,-96.766801"
Collin County TX,6,33.397236,-96.777668,5.21,-0.43,Medium (5-10 ac),"https://www.google.com/maps?q=33.397236,-96.777668"
Collin County TX,7,33.351368,-96.757917,4.65,-0.387,Small (2-5 ac),"https://www.google.com/maps?q=33.351368,-96.757917"
Collin County TX,8,33.397034,-96.752191,4.35,-0.403,Small (2-5 ac),"https://www.google.com/maps?q=33.397034,-96.752191"
Collin County TX,9,33.35012,-96.761049,3.56,-0.521,Small (2-5 ac),"https://www.google.com/maps?q=33.35012,-96.761049"
Collin County TX,10,33.346523,-96.763898,2.92,-0.459,Small (2-5 ac),"https://www.google.com/maps?q=33.346523,-96.763898"
Collin County TX,11,33.470176,-96.791999,2.89,-0.336,Small (2-5 ac),"https://www.google.com/maps?q=33.470176,-96.791999"
Collin County TX,12,33.471405,-96.795642,2.22,-0.33,Small (2-5 ac),"https://www.google.com/maps?q=33.471405,-96.795642"
Collin County TX,13,33.472142,-96.781858,2.15,-0.356,Small (2-5 ac),"https://www.google.com/maps?q=33.472142,-96.781858"
Denton County TX,1,33.14077,-97.071394,44.18,-0.544,Large (10+ ac),"https://www.google.com/maps?q=33.14077,-97.071394"
Denton County TX,2,33.126872,-97.063309,29.92,-0.515,Large (10+ ac),"https://www.google.com/maps?q=33.126872,-97.063309"
Denton County TX,3,33.121337,-97.14802,24.46,-0.462,Large (10+ ac),"https://www.google.com/maps?q=33.121337,-97.14802"
Denton County TX,4,33.186123,-97.282957,14.93,-0.382,Large (10+ ac),"https://www.google.com/maps?q=33.186123,-97.282957"
Denton County TX,5,33.149651,-97.075732,11.42,-0.468,Large (10+ ac),"https://www.google.com/maps?q=33.149651,-97.075732"
Denton County TX,6,33.111723,-97.080933,10.25,-0.329,Large (10+ ac),"https://www.google.com/maps?q=33.111723,-97.080933"
Denton County TX,7,33.214275,-97.206377,9.66,-0.407,Medium (5-10 ac),"https://www.google.com/maps?q=33.214275,-97.206377"
Denton County TX,8,33.143765,-97.218772,6.87,-0.342,Medium (5-10 ac),"https://www.google.com/maps?q=33.143765,-97.218772"
Denton County TX,9,33.079908,-97.195948,6.8,-0.407,Medium (5-10 ac),"https://www.google.com/maps?q=33.079908,-97.195948"
Denton County TX,10,33.214714,-97.075452,6.03,-0.432,Medium (5-10 ac),"https://www.google.com/maps?q=33.214714,-97.075452"
Denton County TX,11,33.211312,-97.276847,5.34,-0.334,Medium (5-10 ac),"https://www.google.com/maps?q=33.211312,-97.276847"
Denton County TX,12,33.182421,-97.10593,4.25,-0.585,Small (2-5 ac),"https://www.google.com/maps?q=33.182421,-97.10593"
Denton County TX,13,33.125201,-97.317282,4.18,-0.445,Small (2-5 ac),"https://www.google.com/maps?q=33.125201,-97.317282"
Denton County TX,14,33.14639,-97.216148,4.13,-0.333,Small (2-5 ac),"https://www.google.com/maps?q=33.14639,-97.216148"
Denton County TX,15,33.07101,-97.206575,3.93,-0.467,Small (2-5 ac),"https://www.google.com/maps?q=33.07101,-97.206575"
Denton County TX,16,33.10156,-97.282703,3.76,-0.341,Small (2-5 ac),"https://www.google.com/maps?q=33.10156,-97.282703"
Denton County TX,17,33.210905,-97.271961,3.61,-0.507,Small (2-5 ac),"https://www.google.com/maps?q=33.210905,-97.271961"
Denton County TX,18,33.103726,-97.326449,3.26,-0.431,Small (2-5 ac),"https://www.google.com/maps?q=33.103726,-97.326449"
Denton County TX,19,33.188679,-97.144804,3.09,-0.47,Small (2-5 ac),"https://www.google.com/maps?q=33.188679,-97.144804"
Denton County TX,20,33.135494,-97.207977,2.92,-0.331,Small (2-5 ac),"https://www.google.com/maps?q=33.135494,-97.207977"
Denton County TX,21,33.212944,-97.207188,2.87,-0.436,Small (2-5 ac),"https://www.google.com/maps?q=33.212944,-97.207188"
Denton County TX,22,33.140631,-97.166638,2.84,-0.414,Small (2-5 ac),"https://www.google.com/maps?q=33.140631,-97.166638"
Denton County TX,23,33.118467,-97.146764,2.79,-0.381,Small (2-5 ac),"https://www.google.com/maps?q=33.118467,-97.146764"
Denton County TX,24,33.102202,-97.281289,2.69,-0.316,Small (2-5 ac),"https://www.google.com/maps?q=33.102202,-97.281289"
Denton County TX,25,33.225844,-97.108298,2.59,-0.478,Small (2-5 ac),"https://www.google.com/maps?q=33.225844,-97.108298"
Denton County TX,26,33.084391,-97.142541,2.59,-0.442,Small (2-5 ac),"https://www.google.com/maps?q=33.084391,-97.142541"
Denton County TX,27,33.144317,-97.217035,2.57,-0.343,Small (2-5 ac),"https://www.google.com/maps?q=33.144317,-97.217035"
Denton County TX,28,33.206839,-97.161242,2.55,-0.428,Small (2-5 ac),"https://www.google.com/maps?q=33.206839,-97.161242"
Denton County TX,29,33.049615,-97.268854,2.55,-0.463,Small (2-5 ac),"https://www.google.com/maps?q=33.049615,-97.268854"
Denton County TX,30,33.265101,-97.318984,2.47,-0.518,Small (2-5 ac),"https://www.google.com/maps?q=33.265101,-97.318984"
Denton County TX,31,33.257994,-97.130581,2.47,-0.319,Small (2-5 ac),"https://www.google.com/maps?q=33.257994,-97.130581"
Denton County TX,32,33.216454,-97.207536,2.42,-0.468,Small (2-5 ac),"https://www.google.com/maps?q=33.216454,-97.207536"
Denton County TX,33,33.168557,-97.273988,2.3,-0.44,Small (2-5 ac),"https://www.google.com/maps?q=33.168557,-97.273988"
Denton County TX,34,33.144418,-97.282409,2.15,-0.408,Small (2-5 ac),"https://www.google.com/maps?q=33.144418,-97.282409"
Denton County TX,35,33.22624,-97.109335,2.08,-0.443,Small (2-5 ac),"https://www.google.com/maps?q=33.22624,-97.109335"
Denton County TX,36,33.079667,-97.149509,2.08,-0.324,Small (2-5 ac),"https://www.google.com/maps?q=33.079667,-97.149509"
Denton County TX,37,33.067435,-97.335184,2.08,-0.568,Small (2-5 ac),"https://www.google.com/maps?q=33.067435,-97.335184"
Williamson County TX,1,30.710124,-97.88653,23.94,-0.406,Large (10+ ac),"https://www.google.com/maps?q=30.710124,-97.88653"
Williamson County TX,2,30.718425,-97.869992,16.36,-0.451,Large (10+ ac),"https://www.google.com/maps?q=30.718425,-97.869992"
Williamson County TX,3,30.793147,-97.894605,12.7,-0.47,Large (10+ ac),"https://www.google.com/maps?q=30.793147,-97.894605"
Williamson County TX,4,30.803537,-97.854327,7.93,-0.429,Medium (5-10 ac),"https://www.google.com/maps?q=30.803537,-97.854327"
Williamson County TX,5,30.793969,-97.881831,5.63,-0.425,Medium (5-10 ac),"https://www.google.com/maps?q=30.793969,-97.881831"
Williamson County TX,6,30.725627,-97.854677,4.94,-0.416,Small (2-5 ac),"https://www.google.com/maps?q=30.725627,-97.854677"
Williamson County TX,7,30.776486,-97.87026,4.25,-0.424,Small (2-5 ac),"https://www.google.com/maps?q=30.776486,-97.87026"
Williamson County TX,8,30.717958,-97.858499,2.57,-0.502,Small (2-5 ac),"https://www.google.com/maps?q=30.717958,-97.858499"
Williamson County TX,9,30.775891,-97.871504,2.32,-0.389,Small (2-5 ac),"https://www.google.com/maps?q=30.775891,-97.871504"
Williamson County TX,10,30.797509,-97.880091,2.2,-0.368,Small (2-5 ac),"https://www.google.com/maps?q=30.797509,-97.880091"
Douglas County CO,1,39.394448,-104.745585,41.41,-0.389,Large (10+ ac),"https://www.google.com/maps?q=39.394448,-104.745585"
Douglas County CO,2,39.398715,-104.740105,39.61,-0.391,Large (10+ ac),"https://www.google.com/maps?q=39.398715,-104.740105"
Douglas County CO,3,39.382782,-104.706413,34.94,-0.438,Large (10+ ac),"https://www.google.com/maps?q=39.382782,-104.706413"
Douglas County CO,4,39.385546,-104.702503,29.13,-0.444,Large (10+ ac),"https://www.google.com/maps?q=39.385546,-104.702503"
Douglas County CO,5,39.307557,-104.98961,28.94,-0.437,Large (10+ ac),"https://www.google.com/maps?q=39.307557,-104.98961"
Douglas County CO,6,39.4399,-104.936977,23.57,-0.363,Large (10+ ac),"https://www.google.com/maps?q=39.4399,-104.936977"
Douglas County CO,7,39.35542,-104.863254,17.2,-0.401,Large (10+ ac),"https://www.google.com/maps?q=39.35542,-104.863254"
Douglas County CO,8,39.349511,-104.727365,16.43,-0.409,Large (10+ ac),"https://www.google.com/maps?q=39.349511,-104.727365"
Douglas County CO,9,39.435864,-104.926322,14.7,-0.294,Large (10+ ac),"https://www.google.com/maps?q=39.435864,-104.926322"
Douglas County CO,10,39.38609,-104.737659,11.91,-0.488,Large (10+ ac),"https://www.google.com/maps?q=39.38609,-104.737659"
Douglas County CO,11,39.364061,-104.880686,11.44,-0.369,Large (10+ ac),"https://www.google.com/maps?q=39.364061,-104.880686"
Douglas County CO,12,39.43411,-104.967272,11.29,-0.315,Large (10+ ac),"https://www.google.com/maps?q=39.43411,-104.967272"
Douglas County CO,13,39.361082,-104.732031,10.5,-0.374,Large (10+ ac),"https://www.google.com/maps?q=39.361082,-104.732031"
Douglas County CO,14,39.338376,-104.751249,9.79,-0.485,Medium (5-10 ac),"https://www.google.com/maps?q=39.338376,-104.751249"
Douglas County CO,15,39.416055,-104.797986,8.92,-0.426,Medium (5-10 ac),"https://www.google.com/maps?q=39.416055,-104.797986"
Douglas County CO,16,39.430551,-104.978577,8.77,-0.305,Medium (5-10 ac),"https://www.google.com/maps?q=39.430551,-104.978577"
Douglas County CO,17,39.472461,-104.865524,8.33,-0.449,Medium (5-10 ac),"https://www.google.com/maps?q=39.472461,-104.865524"
Douglas County CO,18,39.421905,-104.909826,8.08,-0.304,Medium (5-10 ac),"https://www.google.com/maps?q=39.421905,-104.909826"
Douglas County CO,19,39.339985,-104.722568,7.88,-0.457,Medium (5-10 ac),"https://www.google.com/maps?q=39.339985,-104.722568"
Douglas County CO,20,39.363309,-104.750689,7.36,-0.367,Medium (5-10 ac),"https://www.google.com/maps?q=39.363309,-104.750689"
Douglas County CO,21,39.334114,-104.762531,7.24,-0.483,Medium (5-10 ac),"https://www.google.com/maps?q=39.334114,-104.762531"
Douglas County CO,22,39.434408,-104.93553,6.18,-0.337,Medium (5-10 ac),"https://www.google.com/maps?q=39.434408,-104.93553"
Douglas County CO,23,39.387336,-104.720317,5.54,-0.41,Medium (5-10 ac),"https://www.google.com/maps?q=39.387336,-104.720317"
Douglas County CO,24,39.46956,-104.976994,5.29,-0.348,Medium (5-10 ac),"https://www.google.com/maps?q=39.46956,-104.976994"
Douglas County CO,25,39.433573,-104.925683,5.26,-0.305,Medium (5-10 ac),"https://www.google.com/maps?q=39.433573,-104.925683"
Douglas County CO,26,39.505063,-104.724382,5.21,-0.541,Medium (5-10 ac),"https://www.google.com/maps?q=39.505063,-104.724382"
Douglas County CO,27,39.481789,-104.792047,5.04,-0.474,Medium (5-10 ac),"https://www.google.com/maps?q=39.481789,-104.792047"
Douglas County CO,28,39.435445,-104.967353,4.82,-0.336,Small (2-5 ac),"https://www.google.com/maps?q=39.435445,-104.967353"
Douglas County CO,29,39.440784,-104.960734,4.69,-0.277,Small (2-5 ac),"https://www.google.com/maps?q=39.440784,-104.960734"
Douglas County CO,30,39.381401,-104.744169,4.57,-0.378,Small (2-5 ac),"https://www.google.com/maps?q=39.381401,-104.744169"
Douglas County CO,31,39.377995,-104.738392,4.57,-0.428,Small (2-5 ac),"https://www.google.com/maps?q=39.377995,-104.738392"
Douglas County CO,32,39.358095,-104.955354,4.52,-0.347,Small (2-5 ac),"https://www.google.com/maps?q=39.358095,-104.955354"
Douglas County CO,33,39.477962,-104.982733,4.5,-0.349,Small (2-5 ac),"https://www.google.com/maps?q=39.477962,-104.982733"
Douglas County CO,34,39.303871,-104.992192,4.47,-0.399,Small (2-5 ac),"https://www.google.com/maps?q=39.303871,-104.992192"
Douglas County CO,35,39.419392,-104.722448,4.27,-0.53,Small (2-5 ac),"https://www.google.com/maps?q=39.419392,-104.722448"
Douglas County CO,36,39.359455,-104.95736,4.25,-0.372,Small (2-5 ac),"https://www.google.com/maps?q=39.359455,-104.95736"
Douglas County CO,37,39.535882,-104.713377,4.18,-0.417,Small (2-5 ac),"https://www.google.com/maps?q=39.535882,-104.713377"
Douglas County CO,38,39.502774,-104.719629,4.18,-0.549,Small (2-5 ac),"https://www.google.com/maps?q=39.502774,-104.719629"
Douglas County CO,39,39.452252,-104.983218,4.15,-0.381,Small (2-5 ac),"https://www.google.com/maps?q=39.452252,-104.983218"
Douglas County CO,40,39.431177,-104.816095,4.15,-0.41,Small (2-5 ac),"https://www.google.com/maps?q=39.431177,-104.816095"
Douglas County CO,41,39.468388,-104.981188,4.1,-0.343,Small (2-5 ac),"https://www.google.com/maps?q=39.468388,-104.981188"
Douglas County CO,42,39.306488,-104.9735,4.03,-0.364,Small (2-5 ac),"https://www.google.com/maps?q=39.306488,-104.9735"
Douglas County CO,43,39.436112,-104.952846,3.93,-0.388,Small (2-5 ac),"https://www.google.com/maps?q=39.436112,-104.952846"
Douglas County CO,44,39.318416,-104.983659,3.93,-0.403,Small (2-5 ac),"https://www.google.com/maps?q=39.318416,-104.983659"
Douglas County CO,45,39.48219,-104.999369,3.9,-0.327,Small (2-5 ac),"https://www.google.com/maps?q=39.48219,-104.999369"
Douglas County CO,46,39.320226,-104.872867,3.81,-0.413,Small (2-5 ac),"https://www.google.com/maps?q=39.320226,-104.872867"
Douglas County CO,47,39.428483,-104.820522,3.78,-0.426,Small (2-5 ac),"https://www.google.com/maps?q=39.428483,-104.820522"
Douglas County CO,48,39.529454,-104.721951,3.71,-0.345,Small (2-5 ac),"https://www.google.com/maps?q=39.529454,-104.721951"
Douglas County CO,49,39.366218,-104.878905,3.71,-0.347,Small (2-5 ac),"https://www.google.com/maps?q=39.366218,-104.878905"
Douglas County CO,50,39.435684,-104.930798,3.68,-0.28,Small (2-5 ac),"https://www.google.com/maps?q=39.435684,-104.930798"
Douglas County CO,51,39.408061,-104.740284,3.63,-0.32,Small (2-5 ac),"https://www.google.com/maps?q=39.408061,-104.740284"
Douglas County CO,52,39.363142,-104.947981,3.63,-0.458,Small (2-5 ac),"https://www.google.com/maps?q=39.363142,-104.947981"
Douglas County CO,53,39.475901,-104.978116,3.39,-0.322,Small (2-5 ac),"https://www.google.com/maps?q=39.475901,-104.978116"
Douglas County CO,54,39.504133,-104.718092,3.31,-0.499,Small (2-5 ac),"https://www.google.com/maps?q=39.504133,-104.718092"
Douglas County CO,55,39.440755,-104.946709,3.31,-0.295,Small (2-5 ac),"https://www.google.com/maps?q=39.440755,-104.946709"
Douglas County CO,56,39.360173,-104.862784,3.26,-0.385,Small (2-5 ac),"https://www.google.com/maps?q=39.360173,-104.862784"
Douglas County CO,57,39.403893,-104.73877,3.19,-0.349,Small (2-5 ac),"https://www.google.com/maps?q=39.403893,-104.73877"
Douglas County CO,58,39.37475,-104.75092,3.19,-0.399,Small (2-5 ac),"https://www.google.com/maps?q=39.37475,-104.75092"
Douglas County CO,59,39.443876,-104.919573,3.16,-0.323,Small (2-5 ac),"https://www.google.com/maps?q=39.443876,-104.919573"
Douglas County CO,60,39.436768,-104.949819,3.16,-0.334,Small (2-5 ac),"https://www.google.com/maps?q=39.436768,-104.949819"
Douglas County CO,61,39.402665,-104.736762,3.14,-0.34,Small (2-5 ac),"https://www.google.com/maps?q=39.402665,-104.736762"
Douglas County CO,62,39.360312,-104.960227,3.14,-0.328,Small (2-5 ac),"https://www.google.com/maps?q=39.360312,-104.960227"
Douglas County CO,63,39.360324,-104.949461,3.14,-0.348,Small (2-5 ac),"https://www.google.com/maps?q=39.360324,-104.949461"
Douglas County CO,64,39.454088,-104.982543,3.06,-0.323,Small (2-5 ac),"https://www.google.com/maps?q=39.454088,-104.982543"
Douglas County CO,65,39.44068,-104.977664,3.01,-0.335,Small (2-5 ac),"https://www.google.com/maps?q=39.44068,-104.977664"
Douglas County CO,66,39.472963,-104.862561,2.99,-0.439,Small (2-5 ac),"https://www.google.com/maps?q=39.472963,-104.862561"
Douglas County CO,67,39.499209,-104.715629,2.92,-0.519,Small (2-5 ac),"https://www.google.com/maps?q=39.499209,-104.715629"
Douglas County CO,68,39.362662,-104.746544,2.87,-0.367,Small (2-5 ac),"https://www.google.com/maps?q=39.362662,-104.746544"
Douglas County CO,69,39.405473,-104.740402,2.84,-0.377,Small (2-5 ac),"https://www.google.com/maps?q=39.405473,-104.740402"
Douglas County CO,70,39.505337,-104.712303,2.77,-0.372,Small (2-5 ac),"https://www.google.com/maps?q=39.505337,-104.712303"
Douglas County CO,71,39.379063,-104.739038,2.74,-0.375,Small (2-5 ac),"https://www.google.com/maps?q=39.379063,-104.739038"
Douglas County CO,72,39.511822,-104.728959,2.67,-0.423,Small (2-5 ac),"https://www.google.com/maps?q=39.511822,-104.728959"
Douglas County CO,73,39.494437,-104.717114,2.67,-0.401,Small (2-5 ac),"https://www.google.com/maps?q=39.494437,-104.717114"
Douglas County CO,74,39.518615,-104.86098,2.64,-0.358,Small (2-5 ac),"https://www.google.com/maps?q=39.518615,-104.86098"
Douglas County CO,75,39.438747,-104.979684,2.62,-0.398,Small (2-5 ac),"https://www.google.com/maps?q=39.438747,-104.979684"
Douglas County CO,76,39.360729,-104.95173,2.5,-0.418,Small (2-5 ac),"https://www.google.com/maps?q=39.360729,-104.95173"
Douglas County CO,77,39.493618,-104.997694,2.47,-0.366,Small (2-5 ac),"https://www.google.com/maps?q=39.493618,-104.997694"
Douglas County CO,78,39.429571,-104.976453,2.45,-0.299,Small (2-5 ac),"https://www.google.com/maps?q=39.429571,-104.976453"
Douglas County CO,79,39.319394,-104.986465,2.35,-0.351,Small (2-5 ac),"https://www.google.com/maps?q=39.319394,-104.986465"
Douglas County CO,80,39.376554,-104.752654,2.32,-0.307,Small (2-5 ac),"https://www.google.com/maps?q=39.376554,-104.752654"
Douglas County CO,81,39.332528,-104.766433,2.32,-0.454,Small (2-5 ac),"https://www.google.com/maps?q=39.332528,-104.766433"
Douglas County CO,82,39.474228,-104.979578,2.27,-0.322,Small (2-5 ac),"https://www.google.com/maps?q=39.474228,-104.979578"
Douglas County CO,83,39.361828,-104.949767,2.27,-0.323,Small (2-5 ac),"https://www.google.com/maps?q=39.361828,-104.949767"
Douglas County CO,84,39.501268,-104.72345,2.22,-0.529,Small (2-5 ac),"https://www.google.com/maps?q=39.501268,-104.72345"
Douglas County CO,85,39.36807,-104.999062,2.22,-0.284,Small (2-5 ac),"https://www.google.com/maps?q=39.36807,-104.999062"
Douglas County CO,86,39.54869,-104.756868,2.2,-0.314,Small (2-5 ac),"https://www.google.com/maps?q=39.54869,-104.756868"
Douglas County CO,87,39.391072,-104.743134,2.2,-0.442,Small (2-5 ac),"https://www.google.com/maps?q=39.391072,-104.743134"
Douglas County CO,88,39.437404,-104.945121,2.15,-0.299,Small (2-5 ac),"https://www.google.com/maps?q=39.437404,-104.945121"
Douglas County CO,89,39.362049,-104.742042,2.15,-0.405,Small (2-5 ac),"https://www.google.com/maps?q=39.362049,-104.742042"
Douglas County CO,90,39.307457,-104.973114,2.13,-0.392,Small (2-5 ac),"https://www.google.com/maps?q=39.307457,-104.973114"
Douglas County CO,91,39.451414,-104.981721,2.1,-0.288,Small (2-5 ac),"https://www.google.com/maps?q=39.451414,-104.981721"
Douglas County CO,92,39.432662,-104.927013,2.1,-0.274,Small (2-5 ac),"https://www.google.com/maps?q=39.432662,-104.927013"
Douglas County CO,93,39.430518,-104.927232,2.1,-0.276,Small (2-5 ac),"https://www.google.com/maps?q=39.430518,-104.927232"
Douglas County CO,94,39.402926,-104.740668,2.1,-0.435,Small (2-5 ac),"https://www.google.com/maps?q=39.402926,-104.740668"
Douglas County CO,95,39.472895,-104.984353,2.08,-0.338,Small (2-5 ac),"https://www.google.com/maps?q=39.472895,-104.984353"
Douglas County CO,96,39.479952,-104.79142,2.05,-0.389,Small (2-5 ac),"https://www.google.com/maps?q=39.479952,-104.79142"
Douglas County CO,97,39.53334,-104.720936,2.03,-0.335,Small (2-5 ac),"https://www.google.com/maps?q=39.53334,-104.720936"
Douglas County CO,98,39.437973,-104.943227,2.03,-0.281,Small (2-5 ac),"https://www.google.com/maps?q=39.437973,-104.943227"
Douglas County CO,99,39.372094,-104.994709,2.03,-0.285,Small (2-5 ac),"https://www.google.com/maps?q=39.372094,-104.994709"
Douglas County CO,100,39.476805,-104.997337,2.0,-0.342,Small (2-5 ac),"https://www.google.com/maps?q=39.476805,-104.997337"
Ada County ID,1,43.750888,-116.593281,18.66,-0.339,Large (10+ ac),"https://www.google.com/maps?q=43.750888,-116.593281"
Ada County ID,2,43.63584,-116.582335,15.3,-0.561,Large (10+ ac),"https://www.google.com/maps?q=43.63584,-116.582335"
Ada County ID,3,43.642447,-116.548506,13.69,-0.467,Large (10+ ac),"https://www.google.com/maps?q=43.642447,-116.548506"
Ada County ID,4,43.693244,-116.428138,11.05,-0.491,Large (10+ ac),"https://www.google.com/maps?q=43.693244,-116.428138"
Ada County ID,5,43.68713,-116.515583,9.81,-0.454,Medium (5-10 ac),"https://www.google.com/maps?q=43.68713,-116.515583"
Ada County ID,6,43.747175,-116.594909,8.75,-0.497,Medium (5-10 ac),"https://www.google.com/maps?q=43.747175,-116.594909"
Ada County ID,7,43.549588,-116.391457,6.97,-0.579,Medium (5-10 ac),"https://www.google.com/maps?q=43.549588,-116.391457"
Ada County ID,8,43.54911,-116.305965,5.19,-0.582,Medium (5-10 ac),"https://www.google.com/maps?q=43.54911,-116.305965"
Ada County ID,9,43.598541,-116.471047,4.45,-0.661,Small (2-5 ac),"https://www.google.com/maps?q=43.598541,-116.471047"
Ada County ID,10,43.55482,-116.547087,3.66,-0.503,Small (2-5 ac),"https://www.google.com/maps?q=43.55482,-116.547087"
Ada County ID,11,43.611491,-116.450716,3.24,-0.433,Small (2-5 ac),"https://www.google.com/maps?q=43.611491,-116.450716"
Ada County ID,12,43.549795,-116.47196,2.97,-0.598,Small (2-5 ac),"https://www.google.com/maps?q=43.549795,-116.47196"
Ada County ID,13,43.631286,-116.562563,2.52,-0.459,Small (2-5 ac),"https://www.google.com/maps?q=43.631286,-116.562563"
Ada County ID,14,43.620871,-116.471929,2.42,-0.561,Small (2-5 ac),"https://www.google.com/maps?q=43.620871,-116.471929"
Ada County ID,15,43.750315,-116.533947,2.4,-0.313,Small (2-5 ac),"https://www.google.com/maps?q=43.750315,-116.533947"
Ada County ID,16,43.750338,-116.546309,2.37,-0.516,Small (2-5 ac),"https://www.google.com/maps?q=43.750338,-116.546309"
Ada County ID,17,43.700672,-116.459852,2.08,-0.46,Small (2-5 ac),"https://www.google.com/maps?q=43.700672,-116.459852"
Ada County ID,18,43.613285,-116.463277,2.03,-0.419,Small (2-5 ac),"https://www.google.com/maps?q=43.613285,-116.463277"
Ada County ID,19,43.676504,-116.330973,1.98,-0.546,Small (2-5 ac),"https://www.google.com/maps?q=43.676504,-116.330973"
Utah-Salt Lake UT,1,40.356977,-111.816436,41.59,-0.743,Large (10+ ac),"https://www.google.com/maps?q=40.356977,-111.816436"
Utah-Salt Lake UT,2,40.381932,-111.932983,33.31,-0.65,Large (10+ ac),"https://www.google.com/maps?q=40.381932,-111.932983"
Utah-Salt Lake UT,3,40.429448,-111.778618,11.14,-0.645,Large (10+ ac),"https://www.google.com/maps?q=40.429448,-111.778618"
Utah-Salt Lake UT,4,40.349643,-111.943493,10.7,-0.709,Large (10+ ac),"https://www.google.com/maps?q=40.349643,-111.943493"
Utah-Salt Lake UT,5,40.370284,-111.898395,10.35,-0.437,Large (10+ ac),"https://www.google.com/maps?q=40.370284,-111.898395"
Utah-Salt Lake UT,6,40.374192,-111.894555,6.0,-0.429,Medium (5-10 ac),"https://www.google.com/maps?q=40.374192,-111.894555"
Utah-Salt Lake UT,7,40.381105,-111.831064,5.07,-0.623,Medium (5-10 ac),"https://www.google.com/maps?q=40.381105,-111.831064"
Utah-Salt Lake UT,8,40.421926,-111.805758,4.62,-0.502,Small (2-5 ac),"https://www.google.com/maps?q=40.421926,-111.805758"
Utah-Salt Lake UT,9,40.360714,-111.940983,3.81,-0.61,Small (2-5 ac),"https://www.google.com/maps?q=40.360714,-111.940983"
Utah-Salt Lake UT,10,40.476346,-111.813383,3.48,-0.384,Small (2-5 ac),"https://www.google.com/maps?q=40.476346,-111.813383"
Utah-Salt Lake UT,11,40.49176,-111.907216,3.43,-0.635,Small (2-5 ac),"https://www.google.com/maps?q=40.49176,-111.907216"
Utah-Salt Lake UT,12,40.397355,-111.882433,3.16,-0.511,Small (2-5 ac),"https://www.google.com/maps?q=40.397355,-111.882433"
Utah-Salt Lake UT,13,40.366341,-111.896467,3.11,-0.409,Small (2-5 ac),"https://www.google.com/maps?q=40.366341,-111.896467"
Utah-Salt Lake UT,14,40.446531,-111.837632,2.84,-0.451,Small (2-5 ac),"https://www.google.com/maps?q=40.446531,-111.837632"
Utah-Salt Lake UT,15,40.366313,-111.880895,2.84,-0.659,Small (2-5 ac),"https://www.google.com/maps?q=40.366313,-111.880895"
Utah-Salt Lake UT,16,40.443437,-111.762447,2.82,-0.651,Small (2-5 ac),"https://www.google.com/maps?q=40.443437,-111.762447"
Utah-Salt Lake UT,17,40.37082,-111.910073,2.72,-0.425,Small (2-5 ac),"https://www.google.com/maps?q=40.37082,-111.910073"
Utah-Salt Lake UT,18,40.477799,-111.813559,2.57,-0.4,Small (2-5 ac),"https://www.google.com/maps?q=40.477799,-111.813559"
Utah-Salt Lake UT,19,40.38021,-111.830275,2.52,-0.921,Small (2-5 ac),"https://www.google.com/maps?q=40.38021,-111.830275"
Utah-Salt Lake UT,20,40.478371,-111.816463,2.47,-0.429,Small (2-5 ac),"https://www.google.com/maps?q=40.478371,-111.816463"
Utah-Salt Lake UT,21,40.363814,-111.793844,2.35,-0.572,Small (2-5 ac),"https://www.google.com/maps?q=40.363814,-111.793844"
Utah-Salt Lake UT,22,40.382792,-111.831769,2.27,-0.512,Small (2-5 ac),"https://www.google.com/maps?q=40.382792,-111.831769"
Utah-Salt Lake UT,23,40.401091,-111.875618,2.25,-0.347,Small (2-5 ac),"https://www.google.com/maps?q=40.401091,-111.875618"
Utah-Salt Lake UT,24,40.48952,-111.916029,2.22,-0.403,Small (2-5 ac),"https://www.google.com/maps?q=40.48952,-111.916029"
Utah-Salt Lake UT,25,40.345541,-111.958413,2.17,-0.494,Small (2-5 ac),"https://www.google.com/maps?q=40.345541,-111.958413"
Utah-Salt Lake UT,26,40.41529,-111.840532,2.13,-0.547,Small (2-5 ac),"https://www.google.com/maps?q=40.41529,-111.840532"
Utah-Salt Lake UT,27,40.449157,-111.903759,2.08,-0.396,Small (2-5 ac),"https://www.google.com/maps?q=40.449157,-111.903759"
Utah-Salt Lake UT,28,40.464464,-111.983751,2.03,-0.472,Small (2-5 ac),"https://www.google.com/maps?q=40.464464,-111.983751"
Forsyth County GA,1,34.246756,-84.119356,63.53,-0.749,Large (10+ ac),"https://www.google.com/maps?q=34.246756,-84.119356"
Forsyth County GA,2,34.340047,-84.072762,50.58,-0.761,Large (10+ ac),"https://www.google.com/maps?q=34.340047,-84.072762"
Forsyth County GA,3,34.204516,-83.992013,46.21,-0.759,Large (10+ ac),"https://www.google.com/maps?q=34.204516,-83.992013"
Forsyth County GA,4,34.325487,-84.082168,36.03,-0.589,Large (10+ ac),"https://www.google.com/maps?q=34.325487,-84.082168"
Forsyth County GA,5,34.337771,-84.116077,35.46,-0.689,Large (10+ ac),"https://www.google.com/maps?q=34.337771,-84.116077"
Forsyth County GA,6,34.333077,-84.064362,27.5,-0.774,Large (10+ ac),"https://www.google.com/maps?q=34.333077,-84.064362"
Forsyth County GA,7,34.316274,-84.098608,27.45,-0.7,Large (10+ ac),"https://www.google.com/maps?q=34.316274,-84.098608"
Forsyth County GA,8,34.263416,-84.033622,22.68,-0.681,Large (10+ ac),"https://www.google.com/maps?q=34.263416,-84.033622"
Forsyth County GA,9,34.238123,-84.200509,20.39,-0.535,Large (10+ ac),"https://www.google.com/maps?q=34.238123,-84.200509"
Forsyth County GA,10,34.236185,-84.145919,19.45,-0.753,Large (10+ ac),"https://www.google.com/maps?q=34.236185,-84.145919"
Forsyth County GA,11,34.326085,-84.020853,17.4,-0.716,Large (10+ ac),"https://www.google.com/maps?q=34.326085,-84.020853"
Forsyth County GA,12,34.283888,-84.002511,16.48,-0.759,Large (10+ ac),"https://www.google.com/maps?q=34.283888,-84.002511"
Forsyth County GA,13,34.330508,-84.063491,14.95,-0.782,Large (10+ ac),"https://www.google.com/maps?q=34.330508,-84.063491"
Forsyth County GA,14,34.273947,-84.055023,14.04,-0.579,Large (10+ ac),"https://www.google.com/maps?q=34.273947,-84.055023"
Forsyth County GA,15,34.28717,-83.995424,11.98,-0.639,Large (10+ ac),"https://www.google.com/maps?q=34.28717,-83.995424"
Forsyth County GA,16,34.277569,-84.127497,11.96,-0.669,Large (10+ ac),"https://www.google.com/maps?q=34.277569,-84.127497"
Forsyth County GA,17,34.27388,-84.169553,11.94,-0.622,Large (10+ ac),"https://www.google.com/maps?q=34.27388,-84.169553"
Forsyth County GA,18,34.319569,-84.137421,9.54,-0.708,Medium (5-10 ac),"https://www.google.com/maps?q=34.319569,-84.137421"
Forsyth County GA,19,34.290065,-84.175123,9.51,-0.633,Medium (5-10 ac),"https://www.google.com/maps?q=34.290065,-84.175123"
Forsyth County GA,20,34.343242,-84.135728,7.76,-0.722,Medium (5-10 ac),"https://www.google.com/maps?q=34.343242,-84.135728"
Forsyth County GA,21,34.231831,-84.179113,7.54,-0.719,Medium (5-10 ac),"https://www.google.com/maps?q=34.231831,-84.179113"
Forsyth County GA,22,34.328079,-84.066825,7.07,-0.704,Medium (5-10 ac),"https://www.google.com/maps?q=34.328079,-84.066825"
Forsyth County GA,23,34.234242,-84.162035,6.25,-0.675,Medium (5-10 ac),"https://www.google.com/maps?q=34.234242,-84.162035"
Forsyth County GA,24,34.309371,-84.177546,6.15,-0.694,Medium (5-10 ac),"https://www.google.com/maps?q=34.309371,-84.177546"
Forsyth County GA,25,34.241658,-84.223657,5.68,-0.73,Medium (5-10 ac),"https://www.google.com/maps?q=34.241658,-84.223657"
Forsyth County GA,26,34.277466,-84.194465,5.61,-0.61,Medium (5-10 ac),"https://www.google.com/maps?q=34.277466,-84.194465"
Forsyth County GA,27,34.314588,-84.085313,5.56,-0.656,Medium (5-10 ac),"https://www.google.com/maps?q=34.314588,-84.085313"
Forsyth County GA,28,34.216784,-84.186665,5.29,-0.669,Medium (5-10 ac),"https://www.google.com/maps?q=34.216784,-84.186665"
Forsyth County GA,29,34.31617,-84.217946,4.4,-0.571,Small (2-5 ac),"https://www.google.com/maps?q=34.31617,-84.217946"
Forsyth County GA,30,34.315639,-84.041904,4.4,-0.483,Small (2-5 ac),"https://www.google.com/maps?q=34.315639,-84.041904"
Forsyth County GA,31,34.219456,-84.146017,3.63,-0.668,Small (2-5 ac),"https://www.google.com/maps?q=34.219456,-84.146017"
Forsyth County GA,32,34.221602,-83.956916,3.61,-0.581,Small (2-5 ac),"https://www.google.com/maps?q=34.221602,-83.956916"
Forsyth County GA,33,34.31658,-84.213888,3.43,-0.644,Small (2-5 ac),"https://www.google.com/maps?q=34.31658,-84.213888"
Forsyth County GA,34,34.290947,-84.179153,3.41,-0.692,Small (2-5 ac),"https://www.google.com/maps?q=34.290947,-84.179153"
Forsyth County GA,35,34.281371,-84.251009,3.34,-0.62,Small (2-5 ac),"https://www.google.com/maps?q=34.281371,-84.251009"
Forsyth County GA,36,34.329631,-84.085926,3.31,-0.475,Small (2-5 ac),"https://www.google.com/maps?q=34.329631,-84.085926"
Forsyth County GA,37,34.317031,-84.041019,3.31,-0.509,Small (2-5 ac),"https://www.google.com/maps?q=34.317031,-84.041019"
Forsyth County GA,38,34.325157,-84.243138,3.19,-0.683,Small (2-5 ac),"https://www.google.com/maps?q=34.325157,-84.243138"
Forsyth County GA,39,34.255052,-84.20627,3.19,-0.556,Small (2-5 ac),"https://www.google.com/maps?q=34.255052,-84.20627"
Forsyth County GA,40,34.323061,-84.07492,2.87,-0.756,Small (2-5 ac),"https://www.google.com/maps?q=34.323061,-84.07492"
Forsyth County GA,41,34.216184,-84.167129,2.69,-0.652,Small (2-5 ac),"https://www.google.com/maps?q=34.216184,-84.167129"
Forsyth County GA,42,34.341126,-84.140279,2.45,-0.556,Small (2-5 ac),"https://www.google.com/maps?q=34.341126,-84.140279"
Forsyth County GA,43,34.329684,-83.990849,2.3,-0.453,Small (2-5 ac),"https://www.google.com/maps?q=34.329684,-83.990849"
Forsyth County GA,44,34.24754,-84.154587,2.3,-0.674,Small (2-5 ac),"https://www.google.com/maps?q=34.24754,-84.154587"
Forsyth County GA,45,34.324695,-84.066719,2.27,-0.648,Small (2-5 ac),"https://www.google.com/maps?q=34.324695,-84.066719"
Forsyth County GA,46,34.213023,-83.955371,2.25,-0.628,Small (2-5 ac),"https://www.google.com/maps?q=34.213023,-83.955371"
Forsyth County GA,47,34.255081,-84.228495,2.17,-0.597,Small (2-5 ac),"https://www.google.com/maps?q=34.255081,-84.228495"
Forsyth County GA,48,34.211323,-84.107862,2.17,-0.677,Small (2-5 ac),"https://www.google.com/maps?q=34.211323,-84.107862"
Forsyth County GA,49,34.210098,-84.144993,2.05,-0.534,Small (2-5 ac),"https://www.google.com/maps?q=34.210098,-84.144993"
Forsyth County GA,50,34.235704,-83.952865,1.98,-0.669,Small (2-5 ac),"https://www.google.com/maps?q=34.235704,-83.952865"
Forsyth County GA,51,34.202005,-83.994457,1.98,-0.707,Small (2-5 ac),"https://www.google.com/maps?q=34.202005,-83.994457"
